<code_scheme name="teamfamilie" version="173">
  <option name="RIGHT_MARGIN" value="130" />
  <option name="FORMATTER_TAGS_ENABLED" value="true" />
  <JavaCodeStyleSettings>
    <option name="ANNOTATION_PARAMETER_WRAP" value="5" />
    <option name="ALIGN_MULTILINE_ANNOTATION_PARAMETERS" value="true" />
  </JavaCodeStyleSettings>
  <JetCodeStyleSettings>
    <option name="BLANK_LINES_AROUND_BLOCK_WHEN_BRANCHES" value="1" />
    <option name="WRAP_EXPRESSION_BODY_FUNCTIONS" value="1" />
  </JetCodeStyleSettings>
  <PostgresCodeStyleSettings version="2">
    <option name="USE_GENERIC_STYLE" value="true" />
  </PostgresCodeStyleSettings>
  <SqlCodeStyleSettings version="2">
    <option name="KEYWORD_CASE" value="0" />
    <option name="IDENTIFIER_CASE" value="1" />
    <option name="TABLE_OPENING" value="1" />
    <option name="TABLE_CONTENT" value="2" />
    <option name="TABLE_CLOSING" value="3" />
  </SqlCodeStyleSettings>
  <codeStyleSettings language="JAVA">
    <option name="ALIGN_MULTILINE_CHAINED_METHODS" value="true" />
    <option name="ALIGN_MULTILINE_PARAMETERS_IN_CALLS" value="true" />
    <option name="ALIGN_MULTILINE_BINARY_OPERATION" value="true" />
    <option name="ALIGN_MULTILINE_THROWS_LIST" value="true" />
    <option name="ALIGN_MULTILINE_EXTENDS_LIST" value="true" />
    <option name="ALIGN_MULTILINE_ARRAY_INITIALIZER_EXPRESSION" value="true" />
    <option name="CALL_PARAMETERS_WRAP" value="5" />
    <option name="METHOD_PARAMETERS_WRAP" value="5" />
    <option name="RESOURCE_LIST_WRAP" value="5" />
    <option name="EXTENDS_LIST_WRAP" value="5" />
    <option name="THROWS_LIST_WRAP" value="5" />
    <option name="EXTENDS_KEYWORD_WRAP" value="1" />
    <option name="METHOD_CALL_CHAIN_WRAP" value="5" />
    <option name="BINARY_OPERATION_WRAP" value="1" />
    <option name="TERNARY_OPERATION_WRAP" value="5" />
    <option name="FOR_STATEMENT_WRAP" value="5" />
    <option name="ARRAY_INITIALIZER_WRAP" value="5" />
    <option name="ASSIGNMENT_WRAP" value="1" />
    <option name="IF_BRACE_FORCE" value="3" />
    <option name="DOWHILE_BRACE_FORCE" value="3" />
    <option name="WHILE_BRACE_FORCE" value="3" />
    <option name="FOR_BRACE_FORCE" value="3" />
    <option name="PARAMETER_ANNOTATION_WRAP" value="5" />
    <option name="VARIABLE_ANNOTATION_WRAP" value="5" />
    <option name="ENUM_CONSTANTS_WRAP" value="5" />
  </codeStyleSettings>
  <codeStyleSettings language="kotlin">
    <option name="RIGHT_MARGIN" value="130" />
    <option name="ALIGN_MULTILINE_PARAMETERS_IN_CALLS" value="true" />
    <option name="ALIGN_MULTILINE_BINARY_OPERATION" value="true" />
    <option name="ALIGN_MULTILINE_EXTENDS_LIST" value="true" />
    <option name="CALL_PARAMETERS_WRAP" value="5" />
    <option name="METHOD_PARAMETERS_WRAP" value="5" />
    <option name="EXTENDS_LIST_WRAP" value="5" />
    <option name="METHOD_CALL_CHAIN_WRAP" value="5" />
    <option name="ASSIGNMENT_WRAP" value="1" />
    <option name="METHOD_ANNOTATION_WRAP" value="5" />
    <option name="CLASS_ANNOTATION_WRAP" value="5" />
    <option name="FIELD_ANNOTATION_WRAP" value="5" />
    <option name="PARAMETER_ANNOTATION_WRAP" value="5" />
    <option name="VARIABLE_ANNOTATION_WRAP" value="5" />
  </codeStyleSettings>
</code_scheme>