<profile version="1.0">
  <option name="myName" value="Project Default" />
  <inspection_tool class="AmbiguousFieldAccess" enabled="true" level="WARNING" enabled_by_default="true" />
  <inspection_tool class="AmbiguousMethodCall" enabled="true" level="WARNING" enabled_by_default="true" />
  <inspection_tool class="AnonymousClassComplexity" enabled="true" level="WARNING" enabled_by_default="true">
    <option name="m_limit" value="3" />
  </inspection_tool>
  <inspection_tool class="AnonymousClassVariableHidesContainingMethodVariable" enabled="true" level="WARNING" enabled_by_default="true" />
  <inspection_tool class="ArrayEquality" enabled="true" level="WARNING" enabled_by_default="true" />
  <inspection_tool class="AssignmentOrReturnOfFieldWithMutableType" enabled="true" level="WARNING" enabled_by_default="true" />
  <inspection_tool class="AssignmentToCatchBlockParameter" enabled="true" level="WARNING" enabled_by_default="true" />
  <inspection_tool class="AssignmentToForLoopParameter" enabled="true" level="WARNING" enabled_by_default="true">
    <option name="m_checkForeachParameters" value="true" />
  </inspection_tool>
  <inspection_tool class="AssignmentToLambdaParameter" enabled="true" level="WARNING" enabled_by_default="true" />
  <inspection_tool class="AssignmentToMethodParameter" enabled="true" level="WARNING" enabled_by_default="true">
    <option name="ignoreTransformationOfOriginalParameter" value="false" />
  </inspection_tool>
  <inspection_tool class="AssignmentToSuperclassField" enabled="true" level="WARNING" enabled_by_default="true" />
  <inspection_tool class="AssignmentUsedAsCondition" enabled="true" level="WARNING" enabled_by_default="true" />
  <inspection_tool class="BigDecimalLegacyMethod" enabled="true" level="WARNING" enabled_by_default="true" />
  <inspection_tool class="BooleanExpressionMayBeConditional" enabled="true" level="WARNING" enabled_by_default="true" />
  <inspection_tool class="BreakStatement" enabled="true" level="WARNING" enabled_by_default="true" />
  <inspection_tool class="BreakStatementWithLabel" enabled="true" level="WARNING" enabled_by_default="true" />
  <inspection_tool class="CallToSimpleGetterInClass" enabled="true" level="WARNING" enabled_by_default="true">
    <option name="ignoreGetterCallsOnOtherObjects" value="true" />
    <option name="onlyReportPrivateGetter" value="false" />
  </inspection_tool>
  <inspection_tool class="CallToSimpleSetterInClass" enabled="true" level="WARNING" enabled_by_default="true">
    <option name="ignoreSetterCallsOnOtherObjects" value="true" />
    <option name="onlyReportPrivateSetter" value="false" />
  </inspection_tool>
  <inspection_tool class="CallToStringConcatCanBeReplacedByOperator" enabled="true" level="WARNING" enabled_by_default="true" />
  <inspection_tool class="CastConflictsWithInstanceof" enabled="true" level="WARNING" enabled_by_default="true" />
  <inspection_tool class="CastToIncompatibleInterface" enabled="true" level="WARNING" enabled_by_default="true" />
  <inspection_tool class="ClassName" enabled="true" level="WARNING" enabled_by_default="true">
    <option name="namePattern" value="[A-ZÆÅØ][A-ZÆØÅa-zæøå\d]*" />
  </inspection_tool>
  <inspection_tool class="ClassNameDiffersFromFileName" enabled="true" level="WARNING" enabled_by_default="true" />
  <inspection_tool class="ClassNestingDepth" enabled="true" level="WARNING" enabled_by_default="true">
    <option name="m_limit" value="1" />
  </inspection_tool>
  <inspection_tool class="ClassWithMultipleLoggers" enabled="true" level="WARNING" enabled_by_default="true">
    <option name="loggerNamesString" value="java.util.logging.Logger,org.slf4j.Logger,org.apache.commons.logging.Log,org.apache.log4j.Logger,org.apache.logging.log4j.Logger" />
  </inspection_tool>
  <inspection_tool class="CollectionsFieldAccessReplaceableByMethodCall" enabled="true" level="WARNING" enabled_by_default="true" />
  <inspection_tool class="ComparableImplementedButEqualsNotOverridden" enabled="true" level="WARNING" enabled_by_default="true" />
  <inspection_tool class="ConditionalExpressionWithIdenticalBranches" enabled="true" level="WARNING" enabled_by_default="true" />
  <inspection_tool class="ConfusingElse" enabled="true" level="WARNING" enabled_by_default="true">
    <option name="reportWhenNoStatementFollow" value="true" />
  </inspection_tool>
  <inspection_tool class="ConstPropertyName" enabled="true" level="WARNING" enabled_by_default="true">
    <option name="namePattern" value="[A-ZÆØÅ][_A-ZÆØÅ\d]*" />
  </inspection_tool>
  <inspection_tool class="ConstructorCount" enabled="true" level="WARNING" enabled_by_default="true">
    <option name="ignoreDeprecatedConstructors" value="false" />
    <option name="m_limit" value="5" />
  </inspection_tool>
  <inspection_tool class="ContinueStatementWithLabel" enabled="true" level="WARNING" enabled_by_default="true" />
  <inspection_tool class="ControlFlowStatementWithoutBraces" enabled="true" level="WARNING" enabled_by_default="true" />
  <inspection_tool class="CovariantEquals" enabled="true" level="WARNING" enabled_by_default="true" />
  <inspection_tool class="DeclareCollectionAsInterface" enabled="true" level="WARNING" enabled_by_default="true">
    <option name="ignoreLocalVariables" value="false" />
    <option name="ignorePrivateMethodsAndFields" value="false" />
  </inspection_tool>
  <inspection_tool class="DuplicateBooleanBranch" enabled="true" level="WARNING" enabled_by_default="true" />
  <inspection_tool class="EnumEntryName" enabled="true" level="WARNING" enabled_by_default="true">
    <option name="namePattern" value="[A-ZÆØÅ]([A-ZÆØÅa-zæøå\d]*|[A-ZÆØÅ_\d]*)" />
  </inspection_tool>
  <inspection_tool class="EnumSwitchStatementWhichMissesCases" enabled="false" level="WARNING" enabled_by_default="false">
    <option name="ignoreSwitchStatementsWithDefault" value="true" />
  </inspection_tool>
  <inspection_tool class="EqualsAndHashcode" enabled="true" level="WARNING" enabled_by_default="true" />
  <inspection_tool class="EqualsCalledOnEnumConstant" enabled="true" level="WARNING" enabled_by_default="true" />
  <inspection_tool class="FallthruInSwitchStatement" enabled="true" level="WARNING" enabled_by_default="true" />
  <inspection_tool class="FieldHidesSuperclassField" enabled="true" level="WARNING" enabled_by_default="true">
    <option name="m_ignoreInvisibleFields" value="true" />
  </inspection_tool>
  <inspection_tool class="FieldMayBeFinal" enabled="true" level="WARNING" enabled_by_default="true" />
  <inspection_tool class="FieldMayBeStatic" enabled="true" level="WARNING" enabled_by_default="true" />
  <inspection_tool class="FunctionName" enabled="true" level="WARNING" enabled_by_default="true">
    <option name="namePattern" value="[a-zæøå][A-ZÆØÅa-zæøå\d]*" />
  </inspection_tool>
  <inspection_tool class="HardcodedLineSeparators" enabled="true" level="WARNING" enabled_by_default="true" />
  <inspection_tool class="IfMayBeConditional" enabled="true" level="WARNING" enabled_by_default="true" />
  <inspection_tool class="IfStatementWithIdenticalBranches" enabled="true" level="WEAK WARNING" enabled_by_default="true" />
  <inspection_tool class="InnerClassVariableHidesOuterClassVariable" enabled="true" level="WARNING" enabled_by_default="true">
    <option name="m_ignoreInvisibleFields" value="true" />
  </inspection_tool>
  <inspection_tool class="InstanceofCatchParameter" enabled="true" level="WARNING" enabled_by_default="true" />
  <inspection_tool class="IteratorHasNextCallsIteratorNext" enabled="true" level="WARNING" enabled_by_default="true" />
  <inspection_tool class="IteratorNextDoesNotThrowNoSuchElementException" enabled="true" level="WARNING" enabled_by_default="true" />
  <inspection_tool class="JoinDeclarationAndAssignmentJava" enabled="true" level="WEAK WARNING" enabled_by_default="true" />
  <inspection_tool class="KeySetIterationMayUseEntrySet" enabled="true" level="WARNING" enabled_by_default="true" />
  <inspection_tool class="LabeledStatement" enabled="true" level="WARNING" enabled_by_default="true" />
  <inspection_tool class="LambdaParameterHidingMemberVariable" enabled="true" level="WARNING" enabled_by_default="true" />
  <inspection_tool class="ListIndexOfReplaceableByContains" enabled="true" level="WARNING" enabled_by_default="true" />
  <inspection_tool class="LiteralAsArgToStringEquals" enabled="true" level="WARNING" enabled_by_default="true" />
  <inspection_tool class="LocalVariableHidingMemberVariable" enabled="true" level="WARNING" enabled_by_default="true">
    <option name="m_ignoreInvisibleFields" value="true" />
    <option name="m_ignoreStaticMethods" value="true" />
  </inspection_tool>
  <inspection_tool class="LocalVariableName" enabled="true" level="WARNING" enabled_by_default="true">
    <option name="namePattern" value="[a-zæøå][A-ZÆØÅa-zæøå\d]*" />
  </inspection_tool>
  <inspection_tool class="LoggerInitializedWithForeignClass" enabled="true" level="WARNING" enabled_by_default="true">
    <option name="loggerFactoryMethodName" value="getLogger,getLogger,getLog,getLogger" />
  </inspection_tool>
  <inspection_tool class="LoggingConditionDisagreesWithLogStatement" enabled="true" level="WARNING" enabled_by_default="true" />
  <inspection_tool class="LongLine" enabled="true" level="WARNING" enabled_by_default="true" />
  <inspection_tool class="LoopWithImplicitTerminationCondition" enabled="true" level="WARNING" enabled_by_default="true" />
  <inspection_tool class="MagicNumber" enabled="true" level="WARNING" enabled_by_default="false">
    <scope name="Tests" level="INFORMATION" enabled="true" />
    <scope name="Project Files" level="WARNING" enabled="true">
      <option name="ignoreInitialCapacity" value="true" />
    </scope>
  </inspection_tool>
  <inspection_tool class="MalformedRegex" enabled="true" level="WARNING" enabled_by_default="true" />
  <inspection_tool class="MapReplaceableByEnumMap" enabled="true" level="WARNING" enabled_by_default="true" />
  <inspection_tool class="MethodCanBeVariableArityMethod" enabled="true" level="WARNING" enabled_by_default="true" />
  <inspection_tool class="MethodCount" enabled="true" level="WARNING" enabled_by_default="true">
    <option name="m_limit" value="20" />
    <option name="ignoreGettersAndSetters" value="false" />
    <option name="ignoreOverridingMethods" value="false" />
  </inspection_tool>
  <inspection_tool class="MethodMayBeStatic" enabled="true" level="WARNING" enabled_by_default="true">
    <option name="m_onlyPrivateOrFinal" value="false" />
    <option name="m_ignoreEmptyMethods" value="true" />
  </inspection_tool>
  <inspection_tool class="MethodOnlyUsedFromInnerClass" enabled="true" level="WARNING" enabled_by_default="true">
    <option name="ignoreMethodsAccessedFromAnonymousClass" value="false" />
    <option name="ignoreStaticMethodsFromNonStaticInnerClass" value="false" />
    <option name="onlyReportStaticMethods" value="false" />
  </inspection_tool>
  <inspection_tool class="MethodOverloadsParentMethod" enabled="true" level="WARNING" enabled_by_default="true" />
  <inspection_tool class="MethodOverridesInaccessibleMethodOfSuper" enabled="true" level="WARNING" enabled_by_default="true" />
  <inspection_tool class="MethodOverridesStaticMethod" enabled="true" level="WARNING" enabled_by_default="true" />
  <inspection_tool class="MultipleTopLevelClassesInFile" enabled="true" level="WARNING" enabled_by_default="true" />
  <inspection_tool class="MultipleVariablesInDeclaration" enabled="true" level="WARNING" enabled_by_default="true" />
  <inspection_tool class="NegatedConditional" enabled="true" level="WARNING" enabled_by_default="true">
    <option name="m_ignoreNegatedNullComparison" value="true" />
  </inspection_tool>
  <inspection_tool class="NegatedConditionalExpression" enabled="true" level="WARNING" enabled_by_default="true" />
  <inspection_tool class="NegatedEqualityExpression" enabled="true" level="WARNING" enabled_by_default="true" />
  <inspection_tool class="NegatedIfElse" enabled="true" level="WARNING" enabled_by_default="true">
    <option name="m_ignoreNegatedNullComparison" value="true" />
    <option name="m_ignoreNegatedZeroComparison" value="false" />
  </inspection_tool>
  <inspection_tool class="NestedConditionalExpression" enabled="true" level="WARNING" enabled_by_default="true" />
  <inspection_tool class="NestedSwitchStatement" enabled="true" level="WARNING" enabled_by_default="true" />
  <inspection_tool class="NestedTryStatement" enabled="true" level="WARNING" enabled_by_default="true" />
  <inspection_tool class="NewExceptionWithoutArguments" enabled="true" level="WARNING" enabled_by_default="true" />
  <inspection_tool class="NonAsciiCharacters" enabled="true" level="WARNING" enabled_by_default="true">
    <option name="CHECK_FOR_NOT_ASCII_IDENTIFIER_NAME" value="false" />
  </inspection_tool>
  <inspection_tool class="NonFinalFieldInEnum" enabled="true" level="WARNING" enabled_by_default="true" />
  <inspection_tool class="NonFinalFieldOfException" enabled="true" level="WARNING" enabled_by_default="true" />
  <inspection_tool class="NonProtectedConstructorInAbstractClass" enabled="true" level="WARNING" enabled_by_default="true">
    <option name="m_ignoreNonPublicClasses" value="false" />
  </inspection_tool>
  <inspection_tool class="NonShortCircuitBoolean" enabled="true" level="WARNING" enabled_by_default="true" />
  <inspection_tool class="NonStaticFinalLogger" enabled="true" level="WARNING" enabled_by_default="true">
    <option name="loggerClassName" value="java.util.logging.Logger,org.slf4j.Logger,org.apache.commons.logging.Log,org.apache.log4j.Logger,org.apache.logging.log4j.Logger" />
  </inspection_tool>
  <inspection_tool class="ObjectEquality" enabled="true" level="WARNING" enabled_by_default="true">
    <option name="m_ignoreEnums" value="true" />
    <option name="m_ignoreClassObjects" value="true" />
    <option name="m_ignorePrivateConstructors" value="false" />
  </inspection_tool>
  <inspection_tool class="ObjectPropertyName" enabled="true" level="WARNING" enabled_by_default="true">
    <option name="namePattern" value="[A-ZÆØÅa-zæøå][_A-ZÆØÅa-zæøå\d]*" />
  </inspection_tool>
  <inspection_tool class="ObsoleteCollection" enabled="true" level="WARNING" enabled_by_default="true">
    <option name="ignoreRequiredObsoleteCollectionTypes" value="true" />
  </inspection_tool>
  <inspection_tool class="OptionalContainsCollection" enabled="true" level="WARNING" enabled_by_default="true" />
  <inspection_tool class="PackageName" enabled="true" level="WARNING" enabled_by_default="true">
    <option name="namePattern" value="[a-zæøå_][a-zæøåA-ZÆØÅ\d_]*(\.[a-zæøå_][a-zæøåA-ZÆØÅ\d_]*)*" />
  </inspection_tool>
  <inspection_tool class="PackageVisibleField" enabled="true" level="WARNING" enabled_by_default="true" />
  <inspection_tool class="PackageVisibleInnerClass" enabled="true" level="WARNING" enabled_by_default="true">
    <option name="ignoreEnums" value="false" />
    <option name="ignoreInterfaces" value="false" />
  </inspection_tool>
  <inspection_tool class="ParameterHidingMemberVariable" enabled="true" level="WARNING" enabled_by_default="true">
    <option name="m_ignoreInvisibleFields" value="true" />
    <option name="m_ignoreStaticMethodParametersHidingInstanceFields" value="true" />
    <option name="m_ignoreForConstructors" value="true" />
    <option name="m_ignoreForPropertySetters" value="true" />
    <option name="m_ignoreForAbstractMethods" value="false" />
  </inspection_tool>
  <inspection_tool class="PointlessIndexOfComparison" enabled="true" level="WARNING" enabled_by_default="true" />
  <inspection_tool class="PrivatePropertyName" enabled="true" level="WARNING" enabled_by_default="true">
    <option name="namePattern" value="[a-zæøå][A-ZÆØÅa-zæøå\d]*" />
  </inspection_tool>
  <inspection_tool class="ProblematicWhitespace" enabled="true" level="WARNING" enabled_by_default="true" />
  <inspection_tool class="PropertyName" enabled="true" level="WARNING" enabled_by_default="true">
    <option name="namePattern" value="[a-zæøå][A-ZÆØÅa-zæøå\d]*" />
  </inspection_tool>
  <inspection_tool class="PropertyValueSetToItself" enabled="true" level="WARNING" enabled_by_default="true" />
  <inspection_tool class="ProtectedMemberInFinalClass" enabled="true" level="WARNING" enabled_by_default="true" />
  <inspection_tool class="PublicField" enabled="true" level="WARNING" enabled_by_default="true">
    <option name="ignoreEnums" value="true" />
    <option name="ignorableAnnotations">
      <value />
    </option>
  </inspection_tool>
  <inspection_tool class="RandomDoubleForRandomInteger" enabled="true" level="WARNING" enabled_by_default="true" />
  <inspection_tool class="RawUseOfParameterizedType" enabled="true" level="WARNING" enabled_by_default="true" />
  <inspection_tool class="RedundantMethodOverride" enabled="true" level="WARNING" enabled_by_default="true" />
  <inspection_tool class="ReplaceCollectionCountWithSize" enabled="true" level="WEAK WARNING" enabled_by_default="true" />
  <inspection_tool class="ResultSetIndexZero" enabled="true" level="WARNING" enabled_by_default="true" />
  <inspection_tool class="ReturnSeparatedFromComputation" enabled="false" level="WEAK WARNING" enabled_by_default="false" />
  <inspection_tool class="ReuseOfLocalVariable" enabled="true" level="WARNING" enabled_by_default="true" />
  <inspection_tool class="SamePackageImport" enabled="true" level="WARNING" enabled_by_default="true" />
  <inspection_tool class="SetReplaceableByEnumSet" enabled="true" level="WARNING" enabled_by_default="true" />
  <inspection_tool class="SimplifiableEqualsExpression" enabled="true" level="WARNING" enabled_by_default="true" />
  <inspection_tool class="SizeReplaceableByIsEmpty" enabled="true" level="WARNING" enabled_by_default="true" />
  <inspection_tool class="StaticInheritance" enabled="true" level="WARNING" enabled_by_default="true" />
  <inspection_tool class="StaticNonFinalField" enabled="true" level="WARNING" enabled_by_default="true" />
  <inspection_tool class="StringBufferField" enabled="true" level="WARNING" enabled_by_default="true" />
  <inspection_tool class="StringConcatenationArgumentToLogCall" enabled="true" level="WARNING" enabled_by_default="true" />
  <inspection_tool class="StringConcatenationMissingWhitespace" enabled="true" level="WARNING" enabled_by_default="true" />
  <inspection_tool class="StringEqualsEmptyString" enabled="true" level="WARNING" enabled_by_default="true" />
  <inspection_tool class="StringReplaceableByStringBuffer" enabled="true" level="WARNING" enabled_by_default="true">
    <option name="onlyWarnOnLoop" value="true" />
  </inspection_tool>
  <inspection_tool class="SwitchStatementWithConfusingDeclaration" enabled="true" level="WARNING" enabled_by_default="true" />
  <inspection_tool class="SystemOutErr" enabled="true" level="WARNING" enabled_by_default="true" />
  <inspection_tool class="TailRecursion" enabled="true" level="WARNING" enabled_by_default="true" />
  <inspection_tool class="TestFunctionName" enabled="true" level="WARNING" enabled_by_default="true" />
  <inspection_tool class="TestOnlyProblems" enabled="true" level="WARNING" enabled_by_default="true" />
  <inspection_tool class="ThreadDumpStack" enabled="true" level="WARNING" enabled_by_default="true" />
  <inspection_tool class="ThrowablePrintStackTrace" enabled="true" level="WARNING" enabled_by_default="true" />
  <inspection_tool class="UnclearBinaryExpression" enabled="false" level="WEAK WARNING" enabled_by_default="false" />
  <inspection_tool class="UnnecessaryConstructor" enabled="true" level="WARNING" enabled_by_default="true" />
  <inspection_tool class="UpperCaseFieldNameNotConstant" enabled="true" level="WARNING" enabled_by_default="true" />
  <inspection_tool class="UseOfAnotherObjectsPrivateField" enabled="false" level="WARNING" enabled_by_default="false">
    <option name="ignoreSameClass" value="false" />
    <option name="ignoreEquals" value="true" />
  </inspection_tool>
  <inspection_tool class="UseOfObsoleteDateTimeApi" enabled="true" level="WARNING" enabled_by_default="true" />
  <inspection_tool class="ZeroLengthArrayInitialization" enabled="true" level="WARNING" enabled_by_default="true" />
</profile>